area;nr_of_rooms;tier;parking;year_of_construction;district_id;price
37.000000;2;3;0;2004;2;225000.000000
39.000000;2;0;0;1921;12;470000.000000
136.000000;4;2;0;1937;12;2000000.000000
32.770000;2;3;0;2010;5;250000.000000
30.000000;1;5;0;1975;11;199000.000000
18.000000;1;1;0;1937;12;210000.000000
46.000000;2;1;0;1980;11;275000.000000
55.180000;3;1;0;2014;14;311767.000000
43.000000;2;4;0;1981;9;250000.000000
68.000000;3;3;0;2001;10;470000.000000
117.000000;4;3;1;1980;11;890000.000000
66.000000;3;3;0;2015;8;419000.000000
82.000000;4;3;0;2008;3;545000.000000
23.670000;1;1;0;1980;11;158000.000000
52.080000;2;3;0;1981;9;299000.000000
55.000000;2;4;0;1990;6;255000.000000
51.000000;2;0;0;2008;13;149000.000000
75.000000;3;3;0;2008;3;410520.000000
58.080000;3;2;0;2010;17;479000.000000
38.000000;2;1;0;2010;5;349600.000000
96.180000;4;3;0;1937;12;960000.000000
119.000000;5;0;0;2015;16;761600.000000
47.000000;2;3;0;2008;3;360000.000000
43.000000;2;2;0;2015;8;325000.000000
79.000000;4;1;0;2015;8;631520.000000
59.000000;3;3;0;2008;3;359107.000000
61.000000;3;0;0;2007;14;299000.000000
47.000000;2;3;0;1960;7;225000.000000
37.000000;2;2;1;1970;0;200000.000000
62.000000;3;3;0;2015;8;423453.000000
44.000000;2;3;0;2008;3;330000.000000
56.000000;2;3;0;2001;10;339000.000000
49.000000;2;3;0;1960;7;215000.000000
45.000000;2;10;0;1970;0;215000.000000
48.000000;2;3;0;2009;13;307000.000000
20.000000;1;4;0;1990;6;133000.000000
67.730000;3;0;0;2015;8;399607.000000
98.000000;3;0;0;2008;13;560000.000000
60.760000;3;3;0;2014;13;325000.000000
46.000000;3;5;0;1997;1;385000.000000
48.000000;3;1;0;1980;11;275000.000000
52.100000;2;2;0;2002;8;115000.000000
60.000000;3;4;0;1981;9;266000.000000
52.000000;2;2;1;1997;1;590000.000000
47.000000;3;3;0;2015;8;277000.000000
51.180000;2;1;0;2008;13;282002.000000
96.650000;4;1;0;1997;1;449422.000000
70.640000;3;3;0;2003;11;389000.000000
43.000000;2;3;0;2004;2;389000.000000
59.750000;3;5;0;2007;14;320000.000000
61.400000;4;1;0;1983;14;280000.000000
56.100000;3;3;0;2008;3;339000.000000
62.000000;3;3;0;2015;8;422625.000000
79.400000;4;5;0;2014;9;550000.000000
66.490000;2;3;0;1939;12;660000.000000
48.000000;2;2;0;2007;14;315000.000000
44.000000;2;1;0;2000;13;70000.000000
53.000000;2;3;0;2001;7;280000.000000
52.000000;3;2;1;1997;1;519000.000000
42.000000;2;3;1;2015;4;325000.000000
42.000000;2;3;1;2015;4;325000.000000
57.000000;2;2;1;1997;1;456000.000000
46.830000;2;3;0;2008;13;250400.000000
48.000000;2;3;0;1964;7;220000.000000
84.030000;4;0;0;2007;14;408385.800000
98.480000;5;3;0;2013;12;765000.000000
51.810000;3;5;0;2015;8;425000.000000
41.000000;2;4;0;1990;6;265000.000000
38.000000;1;1;0;2015;8;209440.000000
70.500000;3;3;0;1937;12;570000.000000
51.000000;2;3;0;2004;2;249000.000000
49.500000;2;3;0;2015;4;365000.000000
37.000000;2;3;1;2015;8;218544.000000
40.000000;1;2;0;1998;6;205000.000000
77.000000;3;3;1;2015;4;640000.000000
27.240000;2;2;0;2016;8;177060.000000
53.000000;2;0;0;1937;12;360000.000000
45.080000;3;7;0;2008;11;362000.000000
45.250000;2;1;0;2007;14;285000.000000
60.000000;3;1;0;2001;10;452000.000000
76.000000;3;3;0;1937;12;890000.000000
59.000000;3;3;0;2001;10;349000.000000
34.000000;2;2;0;2005;8;89000.000000
27.000000;3;3;0;1937;12;300000.000000
55.000000;2;3;1;2015;4;415000.000000
70.800000;3;0;0;1937;12;399000.000000
57.230000;2;1;0;1997;1;449000.000000
52.480000;3;3;0;1983;10;288000.000000
84.000000;4;3;0;2004;2;395000.000000
31.000000;2;10;0;1975;9;180000.000000
57.000000;3;0;0;2008;3;378000.000000
30.000000;1;0;0;1930;4;169000.000000
557.000000;4;3;0;2015;8;2370000.000000
32.760000;2;4;0;1980;11;249000.000000
46.480000;2;0;0;2007;14;255640.000000
43.000000;2;2;1;2008;13;195075.000000
98.000000;3;0;0;1936;12;560000.000000
37.000000;2;2;0;2001;10;239000.000000
29.630000;1;6;0;2004;2;210000.000000
37.550000;2;4;0;2015;6;195260.000000
45.000000;2;10;0;1965;4;229000.000000
34.800000;2;5;0;2015;8;212280.000000
52.000000;2;1;0;1997;1;420000.000000
59.000000;3;1;0;1980;2;299000.000000
69.000000;3;3;0;2010;5;485000.000000
68.130000;3;7;0;2015;4;3000.000000
43.830000;2;1;0;2008;13;249831.000000
53.500000;2;4;0;2001;10;295000.000000
85.000000;3;3;0;2004;2;100000.000000
58.100000;3;0;0;2016;4;366030.000000
46.300000;3;7;0;2015;6;245390.000000
90.000000;4;1;0;2015;4;579000.000000
46.000000;2;4;0;1981;9;227000.000000
49.000000;2;3;1;1937;12;480000.000000
43.000000;2;2;0;2015;8;325000.000000
23.170000;1;1;0;2017;8;243000.000000
54.100000;2;2;0;1990;6;340000.000000
63.000000;3;0;0;1965;7;295000.000000
65.400000;3;0;0;2001;13;123000.000000
37.000000;2;7;0;1980;11;225000.000000
40.000000;4;3;0;1970;1;369000.000000
38.000000;1;3;0;1960;7;183000.000000
54.000000;3;3;0;1980;11;295000.000000
47.000000;2;3;0;1950;7;225000.000000
38.800000;2;3;0;2012;11;335000.000000
50.270000;2;1;0;2016;4;377025.000000
63.000000;3;11;0;1987;11;380000.000000
43.600000;2;0;0;2015;5;401000.000000
73.000000;4;3;1;2001;10;540000.000000
167.920000;2;1;0;2015;1;909936.000000
43.620000;2;0;0;2015;5;401304.000000
52.000000;2;4;0;2015;16;468000.000000
47.000000;2;3;0;2008;3;380000.000000
30.000000;2;3;1;2010;5;215000.000000
50.000000;2;3;0;2001;10;260000.000000
70.770000;3;1;0;2008;13;397549.000000
58.260000;3;10;0;2006;3;414000.000000
108.000000;4;3;1;2002;15;630000.000000
44.000000;3;4;0;1980;11;260000.000000
39.710000;2;0;0;2015;8;3000.000000
56.650000;4;0;0;1976;9;265000.000000
48.500000;2;3;0;1959;7;236000.000000
94.000000;4;1;0;2015;8;600660.000000
54.000000;2;4;0;1990;6;269000.000000
26.280000;1;3;0;2017;12;228636.000000
50.000000;2;0;0;2008;3;379000.000000
60.200000;3;4;0;1980;8;265000.000000
35.000000;2;2;0;1971;9;195000.000000
62.140000;3;1;0;2001;10;397000.000000
50.000000;2;1;0;2015;8;370000.000000
133.000000;4;2;1;1997;1;1529000.000000
38.550000;2;0;0;2001;10;259866.000000
53.000000;2;3;0;1960;11;300000.000000
54.000000;3;4;0;1990;6;365000.000000
51.000000;2;5;0;2001;10;262000.000000
31.000000;1;4;0;2007;14;208303.000000
50.000000;3;4;0;2007;14;318000.000000
51.000000;2;0;0;2001;8;119000.000000
75.000000;3;2;0;1997;1;580000.000000
51.200000;3;1;0;1978;9;280000.000000
65.500000;3;2;0;2001;10;530000.000000
68.360000;3;3;0;2008;3;464000.000000
53.100000;3;3;0;2015;8;398250.000000
62.500000;3;0;0;2001;10;435000.000000
49.300000;2;0;0;2001;3;90000.000000
60.000000;3;3;0;2008;3;330000.000000
48.000000;2;3;1;2015;8;260900.000000
32.650000;1;0;0;2004;14;209000.000000
82.000000;4;1;0;1980;11;586300.000000
22.000000;2;3;1;2008;3;249000.000000
49.000000;2;1;0;2003;3;418000.000000
52.000000;2;3;0;1970;0;339000.000000
74.000000;3;5;0;1997;1;600000.000000
58.000000;4;3;0;2008;3;369000.000000
33.730000;1;2;0;1895;12;319000.000000
35.000000;1;3;0;2002;15;199900.000000
48.310000;2;3;0;1960;7;228000.000000
81.000000;3;1;0;2015;8;620000.000000
48.000000;2;3;1;2015;8;252900.000000
47.300000;2;1;0;1990;6;231770.000000
51.000000;2;4;0;2007;14;252000.000000
32.000000;2;4;0;1981;9;144000.000000
59.000000;3;3;0;2004;2;340000.000000
80.800000;4;4;0;2007;14;347000.000000
65.000000;4;3;1;2008;3;438036.000000
57.000000;3;3;1;2015;4;468180.000000
82.000000;2;4;0;2015;16;1005200.000000
150.000000;4;3;0;1910;12;899000.000000
28.670000;1;6;0;2017;6;160552.000000
48.000000;2;0;0;2012;9;335000.000000
92.000000;4;3;0;2010;5;599000.000000
83.000000;3;3;0;1937;12;850000.000000
53.500000;3;4;0;1980;11;335000.000000
43.910000;2;1;0;2015;4;393872.700000
99.700000;5;1;0;1942;5;680000.000000
27.170000;1;1;0;2016;8;179322.000000
30.000000;2;3;0;2008;3;185000.000000
47.230000;2;6;0;1981;9;255000.000000
33.220000;1;8;0;2015;8;225000.000000
65.220000;4;2;0;2015;2;371754.000000
96.000000;4;3;1;2002;15;630000.000000
58.000000;2;2;0;2001;10;440000.000000
33.000000;1;1;0;2015;4;338250.000000
36.000000;2;1;0;1980;11;260000.000000
36.050000;1;3;0;2015;8;179000.000000
65.000000;3;3;0;2008;3;383264.000000
40.000000;1;10;0;1970;1;249000.000000
69.000000;4;3;1;2008;3;425000.000000
32.000000;1;2;0;1997;1;235000.000000
31.000000;1;1;0;2001;10;198000.000000
31.000000;2;3;0;2003;17;228000.000000
100.000000;3;3;0;1997;1;1400000.000000
60.000000;2;4;1;2015;16;336000.000000
72.000000;3;3;0;1937;12;548000.000000
50.000000;2;2;0;2008;13;299000.000000
34.000000;2;3;0;1981;9;175000.000000
66.000000;4;3;1;2008;3;407000.000000
32.000000;2;3;1;2008;3;246240.000000
52.200000;3;9;0;1980;11;300000.000000
94.000000;4;2;0;2012;4;990000.000000
46.220000;2;3;0;1895;12;437000.000000
90.000000;4;0;0;2015;8;630000.000000
76.000000;3;3;1;1937;12;500000.000000
53.000000;2;1;0;2015;8;129000.000000
52.000000;2;4;0;1990;6;299000.000000
57.000000;2;4;0;2007;14;350000.000000
65.990000;3;6;0;2015;4;485027.000000
52.000000;2;2;0;2008;13;299000.000000
45.000000;3;1;0;2010;5;280000.000000
37.500000;1;0;0;1990;6;80000.000000
40.170000;2;3;0;1927;12;259000.000000
47.000000;2;7;0;1980;6;240000.000000
51.000000;3;4;0;1937;12;408000.000000
37.000000;2;2;0;1970;0;200000.000000
104.000000;4;3;1;1937;12;690000.000000
51.000000;2;8;0;1980;11;305000.000000
51.680000;3;0;0;1960;7;270000.000000
49.790000;2;5;0;2015;4;358488.000000
49.500000;2;4;0;1960;7;265000.000000
78.000000;3;3;1;2002;15;649000.000000
29.630000;1;6;0;2014;4;210000.000000
35.000000;2;0;0;2004;13;80000.000000
61.000000;3;4;1;2007;14;320000.000000
34.000000;1;2;0;1997;1;255000.000000
40.150000;1;0;0;1890;8;239000.000000
66.740000;3;2;0;1996;4;499000.000000
48.590000;2;5;0;2015;4;349848.000000
46.500000;2;10;0;1987;2;285000.000000
30.000000;1;1;0;2010;5;190000.000000
33.160000;2;9;0;2008;3;265280.000000
47.770000;3;2;0;2015;4;418000.000000
59.000000;3;3;0;2008;3;353220.000000
46.820000;3;1;0;2007;14;276775.000000
58.430000;2;2;0;1937;12;570000.000000
68.000000;3;3;0;2008;3;464000.000000
68.000000;4;8;0;1981;9;319000.000000
52.000000;2;2;0;1997;1;450000.000000
31.000000;2;3;0;1978;17;228000.000000
48.000000;2;3;1;2008;3;328609.000000
53.000000;2;2;0;1981;9;295000.000000
49.000000;2;3;0;2008;3;249000.000000
48.000000;3;8;0;1985;9;265000.000000
151.000000;5;4;1;2015;16;1250000.000000
64.890000;3;2;0;1997;1;560000.000000
117.000000;3;3;0;2015;4;870000.000000
66.000000;3;3;0;2008;3;435000.000000
42.000000;2;2;0;1970;0;225000.000000
48.500000;2;2;0;2015;5;475000.000000
35.200000;2;1;0;1980;1;275000.000000
100.000000;4;3;1;2008;3;799000.000000
56.200000;2;2;0;2001;10;358000.000000
26.000000;2;4;0;1970;4;199000.000000
58.200000;3;1;0;1980;11;299000.000000
31.000000;1;1;0;1960;7;179000.000000
33.150000;2;0;0;2016;8;172000.000000
44.950000;2;3;0;2015;4;332630.000000
46.000000;2;3;0;2015;4;320600.000000
44.600000;2;1;0;2008;13;243690.000000
89.000000;4;4;0;1970;5;519000.000000
50.000000;2;4;0;1983;14;259000.000000
25.820000;1;3;0;2016;10;144566.000000
53.440000;2;4;0;2003;10;295000.000000
38.580000;2;1;0;2015;5;285492.000000
75.180000;3;1;0;1997;1;499995.000000
50.450000;2;3;0;2015;4;348105.000000
45.000000;2;10;0;1970;0;199000.000000
46.000000;2;1;0;2015;4;381800.000000
57.200000;3;0;0;2015;5;526000.000000
103.000000;2;4;0;2010;12;1890000.000000
30.000000;2;3;1;1960;7;162000.000000
45.800000;2;4;0;1960;7;199000.000000
35.000000;2;2;1;2008;13;399000.000000
44.000000;3;2;0;1970;0;283648.000000
28.670000;1;2;0;1990;6;146790.000000
58.000000;2;3;1;2015;8;330000.000000
63.000000;3;3;1;2010;5;410000.000000
27.400000;1;8;0;1980;11;200000.000000
45.880000;3;2;0;2015;4;289999.000000
51.000000;2;4;0;2004;2;299000.000000
73.400000;3;3;0;2007;14;379000.000000
29.630000;1;1;0;2015;6;140743.000000
92.000000;4;3;1;2015;8;449000.000000
78.000000;2;3;1;1980;11;558000.000000
76.000000;3;3;1;2003;17;372890.000000
42.000000;2;4;0;2015;4;320000.000000
40.000000;2;4;0;1990;6;220000.000000
137.000000;4;3;1;2008;3;1849500.000000
42.000000;2;3;1;2015;8;311665.000000
45.000000;2;3;0;2015;8;280000.000000
18.220000;1;0;0;1938;12;210000.000000
57.000000;3;2;0;2015;8;362000.000000
57.000000;2;2;0;1960;7;275000.000000
40.000000;2;0;0;2001;10;284000.000000
30.240000;1;1;0;2016;14;163296.000000
40.000000;2;3;0;2002;15;247000.000000
51.000000;2;1;0;2008;3;310000.000000
48.000000;2;3;0;1960;7;260000.000000
32.210000;1;1;0;2010;3;250000.000000
57.410000;3;1;0;2015;4;378906.000000
71.000000;3;2;0;2015;5;694000.000000
36.340000;1;1;0;2007;14;198053.000000
70.000000;4;3;1;2008;3;450000.000000
49.600000;2;1;0;2007;14;136000.000000
76.990000;3;1;0;1937;12;746803.000000
73.400000;4;2;0;2001;10;540000.000000
64.000000;3;1;0;2015;5;627000.000000
55.000000;2;3;0;2001;10;270000.000000
92.300000;4;3;0;2005;3;499000.000000
36.000000;2;0;0;1986;14;185000.000000
50.100000;2;4;0;2007;14;239000.000000
25.650000;1;9;0;2016;5;205200.000000
53.000000;3;3;0;2001;10;370000.000000
39.000000;2;2;0;2000;10;235000.000000
111.270000;3;4;0;1927;12;425000.000000
52.000000;3;3;1;2015;4;420000.000000
80.000000;3;3;0;2008;3;799000.000000
26.120000;1;0;0;1980;11;189000.000000
50.130000;2;0;0;2007;14;283235.000000
58.000000;2;3;1;2001;10;435000.000000
52.000000;2;3;0;2008;3;295000.000000
33.000000;2;3;0;1980;11;295000.000000
51.940000;2;9;0;2007;14;272477.240000
64.650000;3;3;0;2017;12;633570.000000
61.000000;3;5;0;2015;4;576793.000000
38.000000;2;3;0;1980;11;261000.000000
61.910000;3;4;0;2008;3;429036.000000
64.000000;3;3;0;2015;8;436701.000000
50.000000;2;3;0;2008;3;323000.000000
53.710000;3;1;0;2016;14;295405.000000
49.000000;1;1;0;1997;1;380000.000000
50.000000;2;4;0;1958;4;315000.000000
53.060000;2;1;0;1970;0;430000.000000
58.000000;2;3;1;2015;8;570000.000000
53.000000;3;0;0;2001;10;365000.000000
66.000000;4;3;0;2008;3;330000.000000
65.000000;3;3;1;2002;15;259000.000000
40.000000;2;1;0;2002;15;219000.000000
68.000000;3;3;0;2015;4;435000.000000
38.000000;2;3;0;1980;11;245000.000000
66.000000;3;3;1;2015;8;535000.000000
33.000000;2;2;0;1970;0;215800.000000
46.000000;2;2;0;2001;10;290000.000000
49.000000;2;3;0;1997;1;289000.000000
36.000000;1;1;0;2004;3;255000.000000
41.000000;2;1;0;2009;3;325000.000000
69.000000;3;3;1;1937;12;597000.000000
206.000000;4;2;0;2015;1;795000.000000
120.000000;4;2;1;1997;1;645000.000000
73.000000;3;1;0;2008;13;418000.000000
55.630000;3;0;0;2016;4;428351.000000
72.000000;4;5;0;1980;11;435000.000000
83.000000;4;3;0;1990;2;405000.000000
71.000000;3;7;0;1981;9;399000.000000
90.000000;4;4;0;2010;5;519000.000000
43.600000;2;1;0;1970;0;225000.000000
35.500000;1;4;0;1983;9;179000.000000
67.000000;4;3;1;1980;11;385000.000000
64.000000;3;4;1;1990;6;1100000.000000
46.300000;2;0;0;1980;11;315000.000000
50.000000;2;1;0;1981;9;230000.000000
57.000000;3;2;0;2007;14;299000.000000
58.000000;3;4;0;1937;12;420000.000000
58.000000;3;4;0;1911;12;420000.000000
63.000000;3;4;0;2001;10;479000.000000
85.000000;3;3;1;1937;12;645000.000000
50.000000;2;2;0;1997;1;485000.000000
64.700000;3;6;0;1989;6;329000.000000
97.000000;4;0;0;2008;3;599000.000000
47.470000;2;1;0;2017;6;213615.000000
42.600000;2;4;0;1992;17;255000.000000
47.000000;2;3;0;2015;4;352405.000000
79.000000;3;4;0;2008;3;660000.000000
52.000000;2;1;0;2008;13;130000.000000
60.000000;2;3;0;2004;2;370000.000000
39.000000;2;2;0;1980;11;325000.000000
50.400000;3;3;0;2017;2;264449.000000
60.000000;2;3;0;1900;12;549000.000000
37.000000;2;1;0;1980;11;299000.000000
67.500000;2;1;0;2010;5;470000.000000
67.730000;3;3;0;1911;12;873717.000000
60.500000;2;2;0;2015;4;445000.000000
50.000000;2;2;1;2008;13;359000.000000
38.000000;2;3;0;2015;8;209000.000000
47.300000;2;1;0;1970;9;230000.000000
82.000000;4;4;0;2010;5;489000.000000
64.000000;3;3;0;2015;8;438150.000000
40.000000;2;1;0;1980;11;325000.000000
35.000000;2;3;0;2008;3;221390.000000
40.500000;2;0;0;2001;8;80000.000000
54.000000;2;3;0;2011;11;399000.000000
36.000000;2;10;0;2001;10;228000.000000
45.000000;3;3;0;1980;11;305000.000000
41.000000;2;1;0;2015;8;320000.000000
61.400000;3;2;0;2007;14;320000.000000
44.000000;2;2;0;2001;10;325000.000000
51.000000;2;0;0;2008;3;370000.000000
40.390000;2;1;0;2014;14;240418.000000
52.000000;2;2;0;2004;2;299000.000000
54.000000;2;3;0;1962;17;269000.000000
36.490000;2;1;0;2017;2;191463.000000
37.000000;2;3;0;1980;11;310000.000000
51.000000;2;0;0;2015;8;370000.000000
54.500000;2;3;0;2015;8;335000.000000
59.880000;3;2;0;2017;6;290418.000000
58.000000;3;4;1;2007;14;315000.000000
35.150000;2;1;0;2016;12;474525.000000
74.970000;3;2;0;1993;2;368000.000000
42.200000;2;2;0;1997;1;329000.000000
48.830000;2;3;0;2015;4;330000.000000
51.000000;3;2;0;2007;14;280000.000000
37.000000;2;2;0;2008;13;249000.000000
36.000000;2;4;0;1990;6;220000.000000
61.400000;3;4;0;2007;14;285000.000000
36.000000;2;3;0;2008;3;276122.000000
71.400000;3;1;0;2009;3;449000.000000
35.000000;2;3;0;1960;11;220000.000000
65.000000;2;3;0;2015;16;469000.000000
45.000000;2;3;0;2015;8;269000.000000
57.200000;3;7;0;2015;4;486200.000000
49.000000;2;2;0;1997;1;387680.000000
52.000000;2;2;1;2008;13;139000.000000
50.000000;2;1;0;2015;8;409000.000000
44.000000;2;1;0;2001;10;295000.000000
103.000000;2;4;0;1937;12;1650000.000000
64.000000;3;2;0;1955;7;259000.000000
44.000000;2;0;0;1969;5;315000.000000
38.180000;2;3;0;2015;8;293986.000000
89.000000;3;3;0;2015;8;519000.000000
65.550000;3;1;0;2015;4;488549.000000
46.000000;2;4;0;1990;6;235000.000000
68.500000;3;9;0;2008;11;390000.000000
58.000000;2;2;0;2015;4;410000.000000
103.000000;4;3;0;2000;10;555000.000000
51.810000;3;5;0;2015;8;419000.000000
33.200000;1;1;0;2004;8;89000.000000
49.000000;2;3;0;2001;10;329000.000000
58.320000;3;1;0;1997;1;402408.000000
46.000000;2;0;0;1955;5;213900.000000
65.200000;2;3;0;2015;16;469000.000000
56.000000;3;4;0;1975;6;265000.000000
43.500000;2;3;0;2005;3;309000.000000
47.790000;3;3;0;2014;14;298688.000000
55.000000;2;1;0;2008;3;360000.000000
58.000000;2;3;0;2010;5;420000.000000
54.000000;2;3;1;2004;2;370000.000000
63.000000;3;4;0;2007;14;333000.000000
94.000000;4;3;1;2008;3;510000.000000
48.140000;2;6;0;1990;6;235886.000000
64.000000;3;4;0;1990;6;320000.000000
47.780000;2;2;0;2010;5;320000.000000
40.000000;2;0;0;2012;10;380000.000000
78.010000;3;0;0;1937;12;807404.000000
59.600000;3;3;0;2008;3;439000.000000
30.000000;1;0;0;2014;10;230000.000000
81.000000;6;3;1;2008;3;415000.000000
84.000000;3;3;0;2015;8;526051.000000
71.330000;3;1;0;2015;8;406581.000000
39.500000;2;2;0;2001;10;320000.000000
39.000000;2;4;1;1990;6;269000.000000
59.000000;3;3;0;2008;3;343911.000000
31.040000;1;0;0;1980;11;170720.000000
50.000000;2;0;0;1980;10;315000.000000
121.000000;3;3;1;1937;12;1032000.000000
42.240000;2;1;0;2016;4;325248.000000
28.000000;2;3;0;1980;11;214000.000000
48.000000;3;10;0;1973;10;295000.000000
73.000000;3;3;1;2015;4;506460.000000
56.900000;2;3;0;2010;5;440000.000000
32.600000;2;4;0;1960;7;176200.000000
52.000000;3;3;0;1980;14;270000.000000
55.000000;2;4;0;1997;1;350000.000000
86.000000;4;1;0;2009;3;790000.000000
53.000000;2;0;0;1990;8;400000.000000
64.000000;3;3;1;2015;4;459900.000000
45.000000;2;2;0;1975;9;224000.000000
49.200000;2;2;0;2007;14;115000.000000
40.000000;2;3;0;2015;4;197000.000000
64.000000;3;0;0;1990;6;295000.000000
31.900000;1;0;0;2016;4;216920.000000
32.000000;2;3;0;2008;3;246240.000000
34.000000;2;4;0;2007;14;197000.000000
37.200000;2;5;0;2004;2;239000.000000
53.280000;2;0;0;2015;16;350000.000000
59.500000;3;9;0;1981;9;299000.000000
28.000000;1;2;0;1960;5;235000.000000
91.000000;2;2;1;1997;1;814350.000000
41.000000;2;3;0;2015;8;222805.000000
30.000000;1;1;0;2015;4;365000.000000
71.000000;3;2;0;2015;5;694000.000000
36.000000;2;4;0;1980;11;259000.000000
48.600000;2;1;0;2007;14;330000.000000
40.000000;2;3;0;2015;4;197000.000000
426.000000;5;4;1;1990;6;9714652.000000
58.840000;3;2;0;2015;4;408938.000000
120.000000;4;5;0;2010;5;1500000.000000
94.000000;3;3;0;2008;3;459424.000000
59.000000;3;4;0;1990;6;430000.000000
55.000000;2;3;0;2008;3;358325.000000
80.000000;3;5;0;2008;3;465000.000000
54.000000;2;0;0;1986;3;330000.000000
38.110000;2;1;0;2004;2;269000.000000
32.000000;1;2;0;1960;4;257000.000000
50.000000;2;1;0;1980;9;235000.000000
64.630000;3;5;0;1960;7;420000.000000
24.500000;1;2;0;2015;5;219000.000000
54.630000;3;2;0;2015;2;300465.000000
48.900000;2;1;0;2015;4;337410.000000
47.000000;2;3;1;2015;8;252757.000000
73.000000;3;1;0;2004;17;399000.000000
44.630000;2;0;0;2017;8;233861.000000
51.810000;3;5;0;2015;8;425000.000000
58.000000;3;4;0;1937;12;420000.000000
25.000000;1;2;0;1920;4;217500.000000
50.300000;2;2;0;2008;3;329000.000000
48.000000;2;0;0;2015;16;310000.000000
42.980000;3;2;0;2015;6;193410.000000
35.000000;2;0;0;1980;11;280000.000000
62.100000;3;5;0;2007;14;389000.000000
39.000000;2;0;0;1935;5;269000.000000
54.000000;2;4;0;1990;6;269000.000000
49.300000;2;0;0;1960;7;235000.000000
51.000000;3;4;0;1937;12;408000.000000
36.760000;1;1;0;2001;10;197000.000000
50.000000;2;1;0;2001;10;295000.000000
57.000000;3;3;0;1960;7;312000.000000
68.100000;4;4;0;2015;3;459000.000000
64.000000;3;2;0;2004;2;380000.000000
56.000000;3;3;1;2008;3;318640.000000
56.000000;2;0;0;1997;1;429000.000000
31.750000;1;1;0;1980;11;264890.000000
47.100000;3;0;0;2017;3;265000.000000
98.000000;4;2;0;1937;12;1100000.000000
56.000000;3;3;1;2001;10;376656.000000
66.500000;3;3;0;2012;2;420000.000000
82.000000;2;3;0;1937;12;1000000.000000
49.000000;2;3;1;2010;5;615000.000000
50.000000;2;1;0;2010;5;499000.000000
71.380000;3;2;0;2015;4;513936.000000
115.000000;4;3;1;2010;5;987000.000000
42.500000;2;8;0;2009;11;285000.000000
36.000000;2;3;1;1937;12;440000.000000
52.000000;2;2;0;2008;13;340000.000000
70.640000;3;3;0;1980;11;389000.000000
62.000000;2;5;0;2001;10;486000.000000
51.000000;2;3;0;2015;4;355000.000000
122.000000;4;4;0;2008;11;1350000.000000
86.000000;4;3;0;2008;3;629000.000000
53.000000;2;0;0;1970;0;90000.000000
52.000000;2;8;0;1980;11;305000.000000
62.500000;3;4;0;2015;8;295000.000000
60.000000;3;4;0;1981;9;258000.000000
36.420000;2;1;0;1990;6;197396.000000
26.100000;1;4;0;2004;2;165000.000000
77.000000;3;3;0;2006;12;990000.000000
40.000000;2;2;0;1937;12;350000.000000
71.000000;4;3;0;2015;8;440171.000000
79.600000;4;1;0;1997;2;437000.000000
44.000000;2;1;0;2008;3;289000.000000
71.000000;4;3;1;2004;2;449568.000000
44.000000;2;2;0;1970;0;220000.000000
22.050000;1;5;0;1937;12;215000.000000
57.000000;3;3;1;2015;8;347280.000000
40.000000;2;0;0;2015;8;407600.000000
31.140000;1;5;0;2017;8;174384.000000
51.000000;2;1;0;2009;3;310000.000000
63.000000;3;3;0;2008;3;398000.000000
52.000000;2;3;0;1960;7;230000.000000
43.600000;2;3;0;2015;8;270320.000000
45.520000;2;3;0;2002;9;227000.000000
54.290000;3;1;0;1981;9;276879.000000
58.000000;2;3;0;2015;4;410000.000000
76.000000;3;3;0;2008;3;480000.000000
51.000000;2;3;0;2008;3;290896.000000
44.700000;2;1;0;2001;10;255000.000000
79.000000;4;3;0;2002;15;299000.000000
45.360000;2;4;0;2001;14;276000.000000
98.300000;3;4;0;2015;8;589800.000000
59.000000;2;3;0;2015;8;395000.000000
103.000000;4;0;0;2005;1;1050000.000000
35.000000;2;1;0;1997;1;263000.000000
53.000000;2;3;1;1937;12;360000.000000
36.000000;2;2;0;1970;0;179000.000000
66.070000;2;2;0;1885;12;649000.000000
39.610000;2;1;0;2008;3;221816.000000
35.570000;2;0;0;1960;7;189000.000000
69.000000;2;4;1;2015;16;670000.000000
45.000000;2;3;0;2015;8;265000.000000
50.000000;2;0;0;2001;10;345000.000000
53.960000;3;0;0;2016;5;378490.000000
56.000000;3;4;0;1980;7;312000.000000
52.500000;3;1;0;1997;1;519000.000000
60.920000;3;1;0;2015;4;438624.000000
59.810000;3;2;0;2015;8;490442.000000
90.000000;3;0;0;2007;10;399000.000000
43.990000;2;3;0;2016;3;277137.000000
40.650000;2;0;0;2010;10;349000.000000
45.000000;2;3;0;2008;3;363000.000000
42.000000;2;3;0;2001;10;249000.000000
49.000000;2;0;0;1980;11;295000.000000
54.000000;2;0;0;1980;11;328000.000000
86.000000;5;0;0;2007;14;370000.000000
59.750000;3;5;0;2007;14;340000.000000
46.000000;2;1;0;2008;3;315000.000000
144.000000;4;4;1;1990;6;1450000.000000
55.000000;2;1;0;1997;1;149000.000000
59.800000;3;0;0;2003;17;399000.000000
35.000000;1;3;0;1981;9;157000.000000
54.000000;2;3;0;2001;10;285000.000000
32.600000;2;4;0;1980;6;176200.000000
57.000000;3;3;0;1980;11;410000.000000
55.000000;2;4;0;1990;6;275000.000000
64.000000;3;4;0;2007;14;330000.000000
43.000000;2;3;0;1968;11;270000.000000
132.000000;4;3;1;1937;12;1600000.000000
40.500000;1;3;0;2001;10;238950.000000
75.500000;3;3;0;2015;8;619100.000000
62.000000;3;8;0;1980;11;295000.000000
51.000000;2;3;0;1980;11;320000.000000
69.900000;3;0;0;1937;12;425000.000000
64.000000;2;4;0;2007;14;285000.000000
51.000000;2;0;0;2015;8;293000.000000
125.000000;5;3;0;2001;10;575000.000000
58.100000;3;3;0;1937;12;299000.000000
38.980000;2;1;0;2007;14;237778.000000
47.000000;2;2;0;1997;1;459000.000000
44.370000;2;0;0;2010;3;299000.000000
71.500000;2;0;0;1937;12;457000.000000
56.500000;2;0;0;2001;10;135000.000000
50.890000;2;2;0;2000;8;280000.000000
36.380000;1;2;0;2016;10;237000.000000
59.600000;3;1;0;2002;10;389000.000000
25.000000;1;1;0;1980;0;159000.000000
60.000000;3;3;0;2015;8;413655.000000
87.100000;3;1;0;2000;3;420000.000000
63.000000;3;0;0;2004;2;276000.000000
60.960000;2;3;0;1894;12;688848.000000
86.290000;4;1;0;2001;10;599000.000000
41.000000;2;0;0;1970;0;205000.000000
52.000000;2;3;0;2015;8;355000.000000
112.990000;3;7;0;2015;7;621445.000000
51.000000;2;2;0;2015;8;129000.000000
37.000000;2;3;1;2015;8;390000.000000
50.000000;2;3;0;2008;3;285000.000000
52.000000;3;3;0;1980;11;330000.000000
50.000000;2;3;1;2015;8;564000.000000
58.000000;3;2;1;1970;0;315000.000000
62.650000;2;4;0;2015;8;285000.000000
37.000000;2;2;0;2004;2;200000.000000
31.500000;1;1;0;1980;11;190000.000000
51.000000;2;3;0;2015;4;375108.000000
52.230000;3;1;0;2015;8;330000.000000
40.000000;2;0;0;1968;10;284000.000000
49.000000;2;3;0;2001;10;269000.000000
44.850000;2;3;0;2016;4;300495.000000
46.440000;2;1;0;2017;8;382898.000000
76.990000;3;4;0;1937;12;885385.000000
79.800000;4;4;0;2015;4;662340.000000
64.000000;3;8;0;2003;17;385000.000000
75.600000;3;1;0;1997;8;348000.000000
40.000000;2;1;0;2002;15;240000.000000
74.000000;3;4;0;2007;14;435000.000000
69.600000;2;3;0;2010;5;522000.000000
40.000000;2;0;0;2008;13;230000.000000
120.000000;5;3;1;1980;11;640000.000000
59.550000;2;1;0;1997;1;425000.000000
36.420000;2;1;0;1990;6;197396.000000
43.600000;2;2;0;1960;7;238000.000000
32.600000;1;0;0;2009;10;218000.000000
42.550000;2;1;0;2016;14;229770.000000
49.700000;2;0;0;2015;8;290000.000000
82.000000;4;0;0;2001;10;499000.000000
40.000000;2;1;0;2008;3;285000.000000
40.650000;2;3;0;2015;3;228033.000000
47.000000;3;0;0;1970;0;230000.000000
71.840000;3;3;0;1997;11;379000.000000
45.000000;2;3;0;2015;8;265000.000000
39.500000;2;2;0;2001;10;279000.000000
44.000000;2;3;0;1974;0;238000.000000
65.000000;2;2;0;2010;5;559000.000000
50.000000;2;4;1;1981;9;0.000000
35.000000;2;0;0;1937;12;239000.000000
41.000000;2;1;0;2008;3;325000.000000
44.630000;2;1;0;2016;14;238771.000000
94.000000;4;5;0;2007;14;339000.000000
45.300000;2;0;0;1960;8;265000.000000
54.000000;2;3;0;1980;11;399000.000000
100.000000;3;3;0;2010;5;650000.000000
56.000000;2;6;0;1980;11;364000.000000
60.000000;3;1;0;2008;3;435000.000000
55.000000;2;0;0;2007;14;279000.000000
97.690000;4;0;0;2015;12;799000.000000
89.000000;3;3;0;1998;8;519000.000000
48.000000;2;1;0;2001;10;395000.000000
49.000000;3;2;0;1990;6;330000.000000
43.000000;2;1;0;2008;3;295000.000000
87.000000;4;2;0;1981;9;549000.000000
62.000000;2;2;0;1997;1;450000.000000
98.000000;4;0;0;1930;12;560000.000000
46.000000;2;3;0;1950;7;225000.000000
53.000000;2;3;0;2008;3;460000.000000
48.000000;2;4;0;1990;6;315000.000000
55.700000;2;2;0;2001;10;367000.000000
39.970000;2;6;0;2016;3;311886.000000
52.300000;2;3;0;1937;12;449000.000000
66.000000;2;4;0;2015;4;420000.000000
25.450000;1;1;0;2007;14;140000.000000
50.000000;2;1;0;2001;10;349000.000000
60.000000;3;6;0;1980;11;340000.000000
42.000000;2;3;0;1968;10;249000.000000
32.000000;1;2;0;2008;3;200000.000000
61.000000;3;4;0;1981;9;328000.000000
37.080000;2;5;0;1980;11;298000.000000
104.000000;4;3;1;2010;5;950000.000000
46.830000;2;1;0;2015;4;337176.000000
50.000000;2;3;0;2008;3;327045.000000
52.000000;3;3;0;2015;4;370000.000000
34.000000;2;3;1;2001;10;242802.000000
70.000000;3;2;0;2008;13;349000.000000
42.000000;2;4;0;2016;8;225000.000000
58.900000;3;0;0;2003;17;347000.000000
36.000000;2;3;0;1960;7;193000.000000
53.830000;3;7;0;1981;9;368000.000000
56.000000;3;4;0;1980;9;287000.000000
58.000000;3;0;0;2002;15;313200.000000
58.160000;3;4;0;2016;9;302432.000000
62.000000;2;0;0;1950;5;419000.000000
39.000000;2;9;0;1980;3;319000.000000
47.500000;2;0;0;1970;0;265000.000000
36.200000;2;0;0;1967;10;197800.000000
51.000000;2;1;0;1980;11;319000.000000
50.000000;2;3;0;2003;17;199000.000000
44.100000;3;2;0;2000;13;99000.000000
30.000000;1;4;0;1970;0;162000.000000
69.000000;3;2;0;2015;8;160000.000000
46.000000;2;4;0;2007;14;265000.000000
285000.000000;2;2;0;1997;1;285000.000000
36.000000;1;7;0;2010;5;265000.000000
128.610000;3;0;0;2015;16;836955.000000
34.410000;2;6;0;2016;8;203019.000000
37.000000;2;7;0;1980;11;225000.000000
44.000000;2;1;0;2008;3;330000.000000
50.000000;3;3;0;2008;3;368520.000000
36.800000;2;1;0;2008;3;233000.000000
69.000000;3;3;1;2015;4;485800.000000
40.000000;2;3;0;2008;3;279000.000000
57.000000;3;3;0;2008;3;317912.000000
77.000000;4;3;0;2015;8;430000.000000
47.450000;3;3;0;1990;6;259000.000000
32.000000;1;1;0;2002;2;190000.000000
98.000000;4;2;0;2010;12;1100000.000000
140.000000;6;3;1;2001;10;649000.000000
42.000000;2;1;0;1990;6;282000.000000
49.000000;3;2;0;1970;0;260000.000000
57.000000;2;3;1;2015;4;398000.000000
90.000000;3;3;1;1937;12;1200000.000000
42.100000;2;4;0;2008;3;335000.000000
76.000000;4;1;0;1981;9;325000.000000
127.000000;4;4;0;1937;12;699000.000000
65.000000;3;4;0;2007;14;380000.000000
49.300000;2;2;0;1986;14;269000.000000
49.000000;2;3;0;2002;3;249000.000000
55.000000;2;3;1;2001;10;440000.000000
68.000000;3;3;1;1980;11;410000.000000
67.000000;3;3;0;2008;3;420000.000000
44.000000;1;0;0;2009;4;390000.000000
65.400000;3;1;0;1984;2;310000.000000
53.000000;2;4;0;2001;10;285000.000000
56.900000;3;9;0;1972;0;250000.000000
38.400000;2;2;0;2008;3;319000.000000
51.000000;2;3;0;2008;3;285381.000000
55.000000;2;3;1;2008;3;545000.000000
56.100000;3;3;0;2008;3;339000.000000
68.750000;2;0;0;2017;12;543125.000000
69.000000;4;10;0;2004;2;395000.000000
23.670000;1;1;0;1960;7;158000.000000
103.000000;4;4;0;2015;16;1339000.000000
65.000000;3;4;0;1980;1;459000.000000
59.600000;3;0;0;2008;17;430000.000000
45.740000;3;2;0;1980;11;323000.000000
32.380000;2;0;0;2017;3;190000.000000
39.810000;2;2;0;1981;9;227000.000000
37.650000;2;5;0;2016;14;214605.000000
65.340000;3;0;0;1955;7;250000.000000
61.000000;3;4;0;2007;14;280000.000000
65.000000;3;3;0;2015;4;429000.000000
32.000000;2;2;0;1997;1;240000.000000
104.850000;4;0;0;2007;14;509571.000000
28.000000;1;1;0;1960;3;200000.000000
20.300000;1;4;0;2015;12;220000.000000
54.000000;3;3;1;2015;8;348000.000000
34.000000;1;1;0;2010;5;210000.000000
38.700000;2;2;0;1980;11;325000.000000
52.500000;2;3;0;1950;4;330000.000000
55.000000;2;3;0;2008;3;354285.000000
66.460000;3;1;0;1997;1;485000.000000
40.000000;2;5;0;2015;4;239000.000000
66.050000;3;1;0;2007;11;363000.000000
89.700000;4;3;0;1937;12;999000.000000
77.000000;3;4;0;1990;6;449000.000000
47.000000;2;0;0;2006;9;288000.000000
58.000000;3;1;0;2001;10;398000.000000
56.490000;3;8;0;1978;1;360000.000000
44.000000;2;0;0;1960;7;229000.000000
44.000000;2;2;0;1970;0;240000.000000
41.440000;2;0;0;1969;5;297000.000000
105.000000;4;3;0;2008;3;465000.000000
36.020000;2;1;0;2017;6;180100.000000
49.940000;3;0;0;2015;8;364562.000000
41.000000;2;4;0;1937;12;369000.000000
92.000000;3;3;0;2015;8;399000.000000
67.000000;3;4;0;1981;9;531140.000000
29.880000;1;3;0;2017;8;243000.000000
98.820000;4;3;0;2015;4;799000.000000
19.860000;2;2;0;2010;5;158880.000000
54.000000;2;3;0;1980;11;399000.000000
54.000000;2;3;0;1980;11;292000.000000
138.000000;5;3;0;1996;5;950000.000000
29.000000;1;4;0;1981;9;170000.000000
100.000000;4;2;0;2002;3;499000.000000
75.000000;4;2;0;1987;6;359000.000000
59.200000;3;2;0;2001;10;365000.000000
48.000000;3;1;0;1990;14;275000.000000
32.000000;1;0;0;1930;1;225000.000000
61.400000;3;2;0;2007;14;315000.000000
48.100000;2;4;0;2015;8;240500.000000
30.000000;1;2;0;1980;11;210000.000000
57.670000;3;5;0;2015;8;317185.000000
46.400000;3;4;0;1981;9;285000.000000
72.200000;3;3;0;1970;5;510000.000000
67.870000;3;3;0;2015;8;420794.000000
47.160000;2;1;0;2016;8;280602.000000
24.000000;1;2;0;2001;10;185000.000000
66.000000;3;3;0;1997;1;460000.000000
47.410000;3;6;0;1990;6;315000.000000
34.000000;2;3;0;2008;3;223713.000000
59.450000;3;9;0;1978;9;279000.000000
51.000000;2;3;0;1980;11;320000.000000
34.000000;2;3;1;2015;8;165000.000000
46.000000;2;3;0;2008;11;310000.000000
64.000000;2;3;0;2008;3;424960.000000
45.950000;3;0;0;2015;8;335435.000000
36.700000;1;0;0;1980;11;195000.000000
67.000000;2;3;0;2015;8;480000.000000
50.000000;2;4;0;2007;14;265000.000000
70.000000;3;3;1;2001;10;399000.000000
48.180000;3;3;0;2015;8;366168.000000
43.500000;2;3;0;2005;3;309000.000000
60.200000;3;4;0;1981;9;268000.000000
61.000000;3;0;0;2009;13;349000.000000
35.000000;2;3;0;1980;11;290000.000000
56.100000;4;4;0;1990;6;285000.000000
60.000000;3;3;0;2007;14;338000.000000
46.000000;2;3;0;1950;7;230000.000000
54.700000;3;2;0;2015;3;328692.000000
78.000000;3;3;1;2002;15;670000.000000
42.500000;2;11;0;1960;7;209000.000000
46.000000;2;0;0;1955;5;213900.000000
55.000000;2;3;0;2001;10;339000.000000
24.260000;1;1;0;2001;10;181974.000000
59.800000;3;0;0;2008;13;313771.000000
34.000000;2;2;0;2015;8;250000.000000
60.000000;3;2;0;2005;8;425000.000000
47.660000;2;1;0;2016;9;252598.000000
35.080000;2;5;0;2017;8;198912.000000
50.000000;2;3;0;1980;11;330000.000000
32.600000;1;2;0;2008;13;95000.000000
37.000000;1;4;0;2002;10;190000.000000
43.480000;1;0;0;1888;6;377000.000000
56.430000;3;4;0;1974;5;369000.000000
40.650000;2;1;0;2008;13;231000.000000
29.500000;1;4;0;1980;3;185000.000000
94.000000;5;3;0;1937;12;745000.000000
60.000000;3;3;0;2008;3;354660.000000
49.000000;1;1;0;1997;1;380000.000000
39.000000;2;3;0;1975;6;225000.000000
66.050000;3;1;0;2014;14;353275.000000
79.000000;4;3;0;2015;8;435000.000000
52.000000;2;4;0;2007;14;314500.000000
65.360000;3;4;0;1980;11;398696.000000
40.700000;2;1;0;2002;15;220000.000000
38.110000;2;1;0;2004;2;269000.000000
48.000000;2;3;0;1960;7;260000.000000
56.000000;3;6;0;1980;11;315000.000000
98.000000;3;0;0;1930;12;560000.000000
38.000000;2;2;0;2015;16;368000.000000
63.000000;3;3;0;2001;10;394000.000000
44.500000;2;1;0;2001;3;120000.000000
52.000000;3;4;0;1990;6;260000.000000
56.000000;3;3;1;1937;12;795000.000000
40.500000;1;3;0;2001;10;238950.000000
44.000000;2;5;0;1950;7;247000.000000
32.000000;2;2;0;1997;1;235000.000000
100.000000;4;3;0;2015;8;695000.000000
33.100000;1;0;0;1980;11;225000.000000
53.000000;2;4;0;2016;5;539000.000000
63.000000;2;4;0;2007;14;278000.000000
46.000000;2;4;1;2007;14;269500.000000
240.000000;6;3;1;1937;12;1285000.000000
65.800000;3;1;0;2000;3;430000.000000
57.000000;2;3;0;2015;8;375000.000000
54.000000;2;3;0;2001;9;318000.000000
41.000000;2;3;0;1975;14;245000.000000
46.000000;3;0;0;2015;3;286000.000000
37.000000;2;1;0;1960;7;170000.000000
69.400000;3;1;0;2014;12;598922.000000
47.470000;2;1;0;1990;6;232603.000000
49.000000;2;3;1;2008;3;325491.000000
54.000000;3;2;0;2007;14;320000.000000
108.000000;4;2;0;2015;1;780000.000000
57.000000;2;0;0;2007;14;340000.000000
57.000000;2;1;0;2004;12;840000.000000
46.000000;2;3;0;2008;3;281852.000000
62.000000;3;4;1;2007;14;350000.000000
25.050000;1;4;0;1981;9;150000.000000
41.000000;2;4;0;2007;14;214000.000000
66.210000;3;1;0;2015;8;542922.000000
59.500000;3;9;0;1981;9;279000.000000
68.000000;4;8;0;1981;9;315000.000000
31.000000;2;2;0;2003;17;228000.000000
52.000000;2;3;0;2015;8;359000.000000
64.000000;3;3;1;1937;12;512000.000000
66.930000;3;2;0;2001;10;348400.000000
47.000000;2;2;0;1970;0;250000.000000
42.000000;2;1;0;1937;12;259000.000000
27.000000;3;3;0;1937;12;300000.000000
52.400000;2;0;0;1950;7;225000.000000
33.100000;2;0;0;1980;11;225000.000000
61.030000;2;5;0;2015;4;639350.000000
53.500000;2;10;0;2016;4;358383.000000
96.960000;5;2;0;2016;5;735500.000000
20.000000;1;9;0;1997;1;165000.000000
40.000000;2;1;0;2002;15;225000.000000
35.360000;2;1;0;2016;14;194480.000000
70.000000;3;3;0;2008;3;510000.000000
55.000000;2;3;0;2008;13;95000.000000
48.000000;3;0;0;1975;10;279999.000000
40.000000;2;4;0;1990;6;239000.000000
48.000000;2;3;0;2008;3;390000.000000
52.000000;2;3;0;2002;15;249000.000000
60.570000;2;2;0;1895;12;599000.000000
26.020000;1;2;0;2015;3;169130.000000
52.000000;2;3;1;2015;4;334425.000000
46.000000;2;3;0;2005;9;280000.000000
53.870000;2;1;0;2016;8;344768.000000
20.000000;1;4;0;1980;5;190000.000000
32.000000;2;2;0;1997;1;240000.000000
40.170000;2;3;0;1927;12;259000.000000
63.000000;4;4;0;1981;9;244094.000000
37.000000;2;4;0;2007;14;290000.000000
48.260000;3;2;0;2017;8;260604.000000
46.890000;2;2;0;1970;0;250000.000000
61.000000;3;4;0;2007;14;310000.000000
45.000000;2;10;0;1970;0;215000.000000
31.000000;2;0;0;1981;9;154969.000000
73.000000;4;3;0;2008;3;369000.000000
38.000000;2;0;0;2008;13;226500.000000
56.070000;3;3;0;2017;5;329000.000000
53.000000;3;0;0;1976;11;315000.000000
64.720000;3;1;0;2008;3;420000.000000
32.000000;3;3;1;1937;12;259000.000000
52.000000;2;3;0;2001;10;299000.000000
53.390000;3;1;0;2016;4;427120.000000
108.000000;4;3;1;1980;11;1699000.000000
34.000000;2;3;0;2008;3;249000.000000
94.000000;3;3;1;1937;12;1213761.000000
48.000000;3;4;0;1971;6;235000.000000
38.000000;2;7;0;2015;4;269000.000000
150.000000;5;3;0;1937;12;899000.000000
61.800000;3;4;0;2001;10;438000.000000
50.000000;2;0;0;1997;1;284000.000000
92.000000;3;3;0;2015;8;399000.000000
48.000000;2;3;0;2001;10;235000.000000
30.240000;1;5;0;2016;14;169344.000000
39.000000;2;2;0;1980;11;325000.000000
57.000000;2;4;0;2007;14;315000.000000
30.000000;2;4;1;1981;9;139000.000000
65.000000;3;5;0;1960;7;299000.000000
55.000000;2;3;0;2001;10;425000.000000
37.000000;2;3;0;1991;6;239000.000000
54.000000;2;4;0;1989;6;269000.000000
30.000000;2;3;0;1975;9;170000.000000
61.000000;3;0;0;1980;11;395000.000000
47.000000;2;4;1;1981;9;257688.000000
59.000000;3;3;0;2008;3;353220.000000
67.000000;3;1;0;2000;3;535000.000000
48.000000;2;2;1;1997;1;420000.000000
51.000000;2;4;0;2010;2;299000.000000
47.000000;2;2;0;2003;17;260000.000000
45.000000;3;7;0;1990;6;240000.000000
53.000000;3;3;0;1980;11;315000.000000
71.000000;3;3;1;2015;4;513000.000000
58.000000;3;3;1;2001;10;435000.000000
95.000000;4;2;0;1894;4;760000.000000
36.000000;1;0;0;1990;6;165000.000000
75.000000;3;2;0;1997;1;600000.000000
89.000000;2;3;1;2010;5;589000.000000
86.000000;3;2;0;2010;5;530000.000000
56.000000;3;3;1;2001;10;376324.000000
63.000000;3;3;0;1980;11;469000.000000
50.000000;2;1;0;1937;12;550000.000000
60.000000;3;2;1;1997;1;370000.000000
47.500000;2;3;0;1937;12;369000.000000
43.000000;2;3;0;2008;3;239000.000000
89.700000;4;4;0;2010;5;519000.000000
36.000000;2;0;0;1937;12;182000.000000
62.400000;3;4;0;1980;10;334000.000000
37.000000;2;3;0;2004;2;225000.000000
40.000000;2;3;0;2008;3;501641.000000
52.000000;3;3;1;1937;12;414000.000000
29.000000;3;3;1;2003;17;180000.000000
59.000000;3;0;0;2008;3;400000.000000
35.000000;2;2;0;1970;0;229900.000000
26.000000;3;3;1;2003;17;194000.000000
55.650000;3;2;0;2004;2;410000.000000
56.860000;2;4;0;1950;5;390000.000000
55.000000;2;3;0;2001;10;415000.000000
54.000000;2;3;0;1962;17;284000.000000
65.140000;3;5;0;1990;6;448800.000000
55.240000;2;0;0;2016;3;275648.000000
36.500000;2;2;0;2016;14;239000.000000
34.000000;2;3;0;2008;3;209000.000000
49.000000;2;3;0;2003;8;115000.000000
63.000000;2;3;0;1960;7;296100.000000
58.000000;2;4;0;2001;10;449000.000000
55.000000;3;0;0;1998;14;270000.000000
123.000000;4;3;1;2001;10;729358.000000
18.000000;3;3;0;1937;12;220000.000000
61.100000;3;3;0;2014;14;344380.000000
42.000000;2;9;0;1980;11;250000.000000
52.080000;3;0;0;2016;4;341124.000000
38.150000;1;3;0;1960;7;183000.000000
21.000000;1;4;0;1950;7;159000.000000
66.000000;2;3;1;2015;8;665833.000000
84.600000;4;3;0;2000;8;480000.000000
35.000000;1;2;0;1960;7;157000.000000
46.000000;2;3;1;2004;2;299585.000000
36.000000;2;4;0;1981;9;162000.000000
34.000000;1;3;0;2001;3;190000.000000
25.000000;2;4;1;2007;14;210000.000000
45.000000;2;3;0;1960;7;235000.000000
30.780000;1;0;0;1997;1;235000.000000
41.230000;2;0;0;2008;3;309000.000000
49.000000;2;3;0;1960;7;260000.000000
52.000000;2;2;0;1997;1;450000.000000
65.000000;3;3;0;2008;3;381730.000000
45.000000;3;3;0;2015;16;400000.000000
32.000000;1;4;0;1980;14;159000.000000
172.000000;5;4;0;2015;1;1980000.000000
58.000000;3;5;0;1981;11;323000.000000
89.700000;4;3;0;1895;12;999000.000000
52.000000;3;3;0;1980;11;340000.000000
46.790000;3;7;0;2007;14;266995.000000
52.000000;2;0;0;1960;5;310000.000000
98.480000;5;3;0;2015;4;765000.000000
101.000000;4;3;0;2003;17;499000.000000
36.530000;2;4;0;2016;5;354341.000000
48.000000;2;3;0;1964;7;220000.000000
85.000000;3;0;0;1998;1;688000.000000
82.590000;3;1;0;2016;3;387347.000000
50.500000;2;7;0;2009;14;329000.000000
51.310000;2;4;0;2015;4;333515.000000
51.700000;2;1;0;2002;3;385000.000000
27.310000;1;6;0;2017;2;152936.000000
58.870000;2;4;0;2015;4;379000.000000
43.600000;2;1;0;1980;0;225000.000000
58.000000;3;2;0;2010;5;435000.000000
57.000000;3;3;1;1960;7;311000.000000
71.000000;4;4;0;2015;8;485000.000000
63.200000;3;2;0;2001;6;424000.000000
63.000000;3;1;0;1981;9;264600.000000
43.600000;2;1;0;1970;0;225000.000000
37.090000;2;3;0;2015;8;5000.000000
81.000000;4;3;0;2008;3;464870.000000
84.000000;4;4;0;2004;2;415000.000000
52.960000;2;0;0;1960;10;338000.000000
35.200000;2;1;0;1980;1;275000.000000
37.980000;2;2;0;2015;6;170910.000000
47.450000;3;3;0;1975;6;259000.000000
172.740000;7;1;0;2016;1;1592317.000000
57.000000;2;6;0;1980;11;358000.000000
51.000000;2;4;0;2007;14;240000.000000
27.000000;1;3;0;2015;4;325000.000000
61.000000;2;3;1;2001;10;369000.000000
39.000000;2;2;0;2015;6;195000.000000
47.500000;2;1;0;1970;0;282000.000000
47.000000;3;3;0;1971;6;235000.000000
51.000000;2;0;0;2008;13;149000.000000
122.000000;3;3;1;1980;11;1100000.000000
64.000000;3;3;1;2010;5;417105.000000
41.000000;2;1;0;1950;5;310000.000000
46.300000;2;11;0;1980;11;315000.000000
73.400000;3;4;0;2015;4;513800.000000
65.000000;2;2;0;2010;5;559000.000000
36.000000;2;4;0;1990;6;235000.000000
41.000000;2;1;0;1950;5;310000.000000
41.000000;2;4;0;1937;12;359000.000000
80.450000;2;3;0;1894;12;884950.000000
57.340000;2;1;0;2001;14;315000.000000
57.580000;3;5;0;2015;4;437608.000000
70.000000;4;3;0;1980;10;400000.000000
52.660000;2;0;0;1960;7;275000.000000
103.000000;3;3;0;2000;5;549000.000000
35.000000;1;2;0;1981;9;192000.000000
79.370000;4;3;0;2016;8;468283.000000
116.000000;4;6;0;2004;2;800000.000000
55.370000;2;3;0;2002;10;289000.000000
44.000000;2;0;0;1960;7;229000.000000
38.000000;2;1;0;1969;0;220000.000000
42.000000;2;3;0;1980;11;335000.000000
59.000000;3;3;0;1980;11;349000.000000
75.000000;3;3;1;2015;8;510000.000000
40.880000;2;5;0;2011;12;511000.000000
56.000000;2;3;0;2008;3;399000.000000
43.000000;2;3;0;1955;7;220000.000000
85.000000;3;3;0;2008;3;570000.000000
40.000000;2;0;0;2012;10;379000.000000
55.000000;2;6;0;1990;6;259000.000000
57.000000;2;4;0;2007;14;315000.000000
38.700000;2;2;0;2011;11;325000.000000
22.270000;1;1;0;2001;10;185000.000000
66.550000;4;1;0;2015;5;479160.000000
66.000000;4;2;0;2003;17;498000.000000
56.280000;2;0;0;1980;11;365820.000000
64.000000;3;1;0;2015;5;627000.000000
60.000000;3;3;0;2001;10;365000.000000
52.500000;3;1;0;1997;1;519000.000000
48.000000;2;4;0;2006;3;399000.000000
75.160000;4;6;0;2015;4;563700.000000
61.790000;3;9;0;2007;14;324150.000000
30.000000;2;3;1;1980;11;249000.000000
38.600000;2;3;0;1980;11;335000.000000
32.000000;2;3;1;2010;5;181048.000000
54.800000;2;8;0;2003;10;410000.000000
71.400000;3;1;0;2009;3;469000.000000
32.400000;2;0;0;2015;3;242925.000000
56.000000;3;4;0;1975;6;265000.000000
52.000000;2;0;0;2010;5;320000.000000
94.800000;4;2;0;2000;10;499999.000000
65.280000;3;0;0;2001;10;433068.000000
35.000000;2;7;0;1990;6;220000.000000
53.000000;2;4;0;1963;8;369000.000000
75.000000;4;4;0;1990;6;330000.000000
58.200000;3;11;0;1980;11;319000.000000
46.000000;3;3;0;2001;10;345000.000000
52.000000;3;3;1;2015;8;425000.000000
26.000000;2;3;0;1980;11;189000.000000
77.000000;2;3;1;1980;11;342000.000000
54.000000;2;5;0;1960;7;259000.000000
56.800000;2;2;0;2008;3;330000.000000
43.500000;2;1;0;1967;5;326000.000000
60.000000;3;4;0;1980;9;289000.000000
39.000000;2;3;0;1980;11;329000.000000
66.580000;3;1;0;2016;4;426880.000000
60.470000;3;1;0;2015;4;399102.000000
32.000000;2;4;1;1990;6;245000.000000
50.000000;2;3;0;2015;4;309000.000000
40.000000;2;3;0;1990;6;275000.000000
80.000000;3;5;0;2008;3;450000.000000
100.000000;3;4;0;1970;0;530000.000000
51.000000;2;2;1;1997;1;328000.000000
38.000000;2;3;0;2008;3;259000.000000
66.000000;3;3;0;1960;7;309000.000000
41.000000;2;0;0;1981;9;204959.000000
37.680000;2;5;0;2016;8;218544.000000
48.000000;3;4;0;1990;6;269000.000000
37.260000;2;2;0;1997;1;279450.000000
38.400000;2;3;0;1980;11;280000.000000
57.000000;2;3;1;1980;11;456000.000000
28.700000;1;1;0;2015;4;220990.000000
47.400000;2;1;0;1981;9;280000.000000
52.000000;3;3;1;1937;12;420000.000000
30.140000;1;1;0;2017;12;262218.000000
68.800000;2;5;0;2010;5;529760.000000
79.000000;3;3;0;2008;3;415838.000000
65.000000;4;3;0;1985;11;350000.000000
76.000000;3;3;0;2008;3;481933.000000
48.000000;3;3;0;1970;3;300000.000000
45.910000;2;0;0;1980;11;240889.000000
37.000000;2;1;0;1960;7;170000.000000
55.000000;3;3;0;1970;0;285000.000000
56.280000;2;0;0;2008;3;470000.000000
67.400000;3;2;0;1997;1;419000.000000
66.000000;3;3;0;2008;3;422206.000000
44.080000;2;4;0;2016;14;246400.000000
85.000000;4;3;1;2001;10;399000.000000
31.000000;1;0;0;2015;16;269000.000000
65.000000;2;0;0;2015;4;625000.000000
42.550000;2;5;0;2016;14;238280.000000
48.000000;2;1;0;1897;12;376000.000000
51.000000;2;4;0;1937;12;479000.000000
53.060000;2;3;0;2008;3;430000.000000
32.420000;1;3;0;2016;10;217214.000000
33.000000;2;0;0;1970;0;130000.000000
53.000000;3;3;1;1980;11;399000.000000
56.000000;3;3;1;1960;7;285000.000000
56.000000;3;1;0;1980;10;368500.000000
90.000000;4;3;0;2015;4;579000.000000
145.000000;5;3;1;1937;12;1100000.000000
26.000000;1;0;0;1970;0;138000.000000
34.000000;2;0;0;2003;17;82000.000000
37.500000;2;1;0;1937;12;225000.000000
46.000000;2;3;0;2015;4;289000.000000
38.000000;2;4;0;2001;10;239000.000000
61.870000;2;0;0;2017;8;570194.000000
33.020000;2;1;0;1997;1;247650.000000
58.100000;3;3;0;2001;12;299000.000000
52.200000;2;3;0;1980;2;320000.000000
140.000000;4;3;0;2001;10;800000.000000
48.000000;2;2;1;1997;1;415000.000000
28.660000;1;0;0;2015;2;173280.000000
61.000000;3;3;1;2015;8;319893.000000
38.000000;2;4;0;2007;14;225000.000000
65.000000;3;4;1;1990;6;300000.000000
33.000000;2;3;0;2008;3;219157.000000
62.000000;3;1;0;1980;11;350000.000000
52.770000;2;2;0;2008;3;290235.000000
62.000000;2;3;0;2010;5;482000.000000
30.000000;2;4;0;2015;16;270000.000000
81.000000;3;2;0;2015;5;799000.000000
40.000000;2;4;1;1981;9;209248.000000
40.000000;2;7;0;1990;6;225000.000000
49.000000;2;3;1;2008;3;339030.000000
49.600000;2;1;0;2001;10;370000.000000
50.000000;3;3;0;1974;6;269000.000000
48.000000;2;3;0;1960;7;236000.000000
32.730000;2;9;0;2008;3;254312.000000
52.000000;2;3;0;1950;15;249000.000000
109.000000;4;1;0;2003;17;510000.000000
78.000000;3;6;0;2004;3;519000.000000
46.680000;3;8;0;2007;14;269071.000000
58.100000;3;5;0;2015;4;329000.000000
27.700000;1;0;0;1968;10;185000.000000
45.430000;2;1;0;1980;11;338000.000000
50.160000;2;1;0;2017;12;441408.000000
45.730000;2;0;0;1957;1;342000.000000
98.000000;4;3;0;1937;12;560000.000000
55.370000;3;1;0;2015;2;330192.000000
34.410000;2;6;0;2016;8;192696.000000
52.000000;2;3;0;2007;14;142000.000000
53.000000;2;0;0;1980;11;299000.000000
52.500000;2;10;0;2008;3;386000.000000
26.000000;2;3;0;2001;10;165000.000000
37.000000;2;4;0;2001;10;245000.000000
117.000000;3;2;1;1970;0;1515291.000000
35.500000;1;3;0;2004;14;195000.000000
54.000000;2;3;0;1980;11;370000.000000
69.000000;3;4;0;2010;3;625000.000000
33.000000;2;3;1;2015;8;379000.000000
51.000000;2;4;0;2007;14;249000.000000
69.000000;3;3;1;2002;15;399000.000000
55.700000;3;4;0;1978;14;245000.000000
55.000000;3;4;0;2007;14;325000.000000
64.000000;3;5;0;1991;8;291000.000000
37.000000;2;1;0;1937;12;206000.000000
48.000000;2;3;0;2008;13;307000.000000
100.000000;4;2;0;1920;12;770000.000000
53.000000;2;4;0;2010;5;395000.000000
59.000000;3;4;1;1981;9;310000.000000
52.000000;2;3;1;2015;4;375000.000000
134.080000;4;0;0;2007;14;651629.000000
46.830000;2;2;0;2008;13;250400.000000
77.000000;4;3;0;1999;4;499000.000000
57.000000;2;0;0;2007;14;350000.000000
63.410000;1;1;0;1981;9;348755.000000
53.000000;3;3;0;1970;9;249000.000000
51.000000;3;4;0;1911;12;399000.000000
99.000000;3;1;0;2010;12;799000.000000
56.000000;2;3;1;2015;4;360000.000000
85.500000;4;2;0;1996;1;650000.000000
58.000000;3;3;0;1986;2;320000.000000
77.000000;3;5;0;2010;5;680000.000000
50.010000;3;1;0;2008;13;349000.000000
46.000000;3;0;0;2015;3;286000.000000
46.000000;2;2;0;1997;1;345000.000000
64.640000;3;1;0;2017;12;568832.000000
49.000000;3;1;0;2007;14;276000.000000
73.000000;3;1;0;2008;13;453000.000000
87.700000;4;3;0;2015;16;580000.000000
34.000000;1;3;0;2008;3;180000.000000
65.000000;3;3;1;1980;11;439000.000000
65.000000;3;2;0;1960;7;305000.000000
69.000000;3;3;0;1997;5;485000.000000
60.570000;2;3;0;1895;12;599000.000000
44.000000;2;6;0;1960;7;242000.000000
30.000000;2;3;1;2015;8;282075.000000
46.000000;2;2;0;1997;1;345000.000000
55.000000;2;3;1;2015;4;425000.000000
37.920000;2;1;0;2010;8;334000.000000
38.000000;2;0;0;1978;6;240000.000000
159.450000;4;0;0;2007;14;637641.000000
39.000000;2;2;1;1997;1;365000.000000
30.000000;1;4;0;2007;14;189000.000000
58.000000;2;3;0;2008;3;360000.000000
55.000000;3;1;0;1980;11;440000.000000
51.000000;3;3;1;1937;12;399000.000000
38.000000;3;3;0;1960;7;210000.000000
49.000000;3;3;0;2015;4;339000.000000
66.000000;3;3;0;1980;11;459000.000000
62.360000;3;3;0;2015;3;346098.000000
54.000000;2;4;0;1980;11;292000.000000
51.000000;3;3;1;2015;4;347895.000000
53.000000;2;3;0;2004;2;349000.000000
68.000000;2;1;0;2010;5;480000.000000
51.300000;2;1;0;1997;1;330000.000000
41.000000;2;3;1;2001;10;279034.000000
54.350000;2;0;0;2003;3;400000.000000
87.000000;3;3;1;2015;8;855000.000000
27.090000;1;1;0;2015;7;220000.000000
28.000000;2;3;0;2008;3;190000.000000
53.000000;2;3;0;1960;7;274000.000000
115.000000;3;2;0;1937;12;839000.000000
56.000000;3;1;0;2017;5;349000.000000
22.000000;1;5;0;1982;9;135000.000000
48.000000;2;0;0;2001;10;359000.000000
36.000000;1;0;0;1964;7;154000.000000
62.000000;3;0;0;1981;9;255000.000000
51.000000;2;3;0;2015;8;325750.000000
63.660000;2;2;0;1940;12;460000.000000
45.000000;2;4;0;1990;6;274000.000000
32.000000;1;3;0;2002;3;209000.000000
130.000000;5;2;0;1997;1;920000.000000
50.000000;2;3;0;1960;11;329000.000000
36.700000;2;7;0;1970;11;225000.000000
48.500000;2;3;0;1959;7;236000.000000
51.200000;2;1;0;2015;8;285000.000000
45.000000;3;3;0;2001;10;320000.000000
35.960000;2;2;0;2016;4;248124.000000
34.000000;2;3;0;2007;14;201000.000000
65.000000;2;4;0;2015;16;469000.000000
78.000000;3;0;0;2010;5;900000.000000
32.300000;1;6;0;1970;9;163000.000000
70.000000;3;5;0;2011;12;840000.000000
69.000000;4;2;0;2010;3;430000.000000
28.000000;1;1;0;1935;3;190000.000000
48.000000;2;2;0;1988;14;295000.000000
50.230000;2;2;0;2008;3;320000.000000
46.000000;2;8;0;2001;10;278000.000000
44.440000;2;2;0;1960;7;225000.000000
37.460000;1;3;0;2004;2;310000.000000
62.000000;2;4;0;1981;9;238758.000000
61.000000;3;4;0;2007;14;340000.000000
44.520000;1;0;0;2002;15;243000.000000
37.000000;2;1;0;1997;1;278000.000000
35.000000;1;3;0;1981;9;190000.000000
48.000000;3;2;0;1970;0;267000.000000
130.000000;4;1;0;2004;13;888000.000000
35.500000;1;3;0;2005;14;220000.000000
48.000000;3;3;0;2001;10;280000.000000
81.000000;3;2;0;2015;5;799000.000000
25.440000;1;2;0;2007;14;199000.000000
55.000000;2;2;0;1930;11;275000.000000
122.000000;4;3;0;1937;12;730000.000000
34.000000;1;1;0;1981;9;195000.000000
42.000000;2;3;0;1980;11;270000.000000
52.000000;2;6;0;1997;1;435000.000000
46.970000;2;2;0;2015;4;314699.000000
78.520000;3;3;0;1890;12;579990.000000
50.000000;2;4;0;1980;11;260000.000000
50.000000;2;3;0;2001;10;270000.000000
51.000000;2;3;0;2008;3;375000.000000
100.000000;4;2;0;1990;6;795000.000000
45.430000;2;1;0;1980;11;350000.000000
37.500000;2;2;0;2015;3;235000.000000
62.600000;3;1;0;2016;4;463240.000000
36.000000;2;0;0;1937;12;258000.000000
35.000000;2;3;0;2002;15;189000.000000
52.400000;3;4;0;1980;11;280000.000000
45.000000;2;3;0;2008;3;283780.000000
20.000000;1;9;0;1997;1;165000.000000
70.490000;3;0;0;2007;14;351745.000000
69.000000;3;2;0;1997;1;497000.000000
51.000000;2;3;0;2015;4;355000.000000
63.900000;3;4;0;2015;4;469900.000000
30.000000;2;3;0;1980;11;199000.000000
49.830000;1;2;0;2003;1;229000.000000
55.000000;2;3;0;2004;2;349000.000000
58.400000;3;7;0;1995;7;315000.000000
42.500000;2;0;0;1960;7;209000.000000
55.000000;2;3;0;2010;5;539000.000000
44.400000;2;6;0;1977;9;237000.000000
88.700000;3;4;0;1980;11;562000.000000
35.500000;1;0;0;1960;7;159000.000000
62.620000;2;2;0;1997;1;790000.000000
38.540000;2;5;0;2004;2;200000.000000
62.000000;3;3;0;2015;8;422487.000000
36.080000;2;4;0;1970;0;170000.000000
56.500000;2;0;0;2001;10;135000.000000
34.030000;1;1;0;2016;9;180359.000000